Workbook

Sheet thermal_summary_attribute_table
A1: Irrig | B1: date | C1: ID | D1: genotype | E1: phenology | F1: conductance | G1: leaftemp | H1: yield | I1: temp.mean | J1: temp.median | K1: temp.sd | L1: temp.se | M1: temp.cv | N1: temp.min | O1: temp.max | P1: temp.range
A2: Rainfed | B2: 45513 | C2: 1 | D2: P42A84E | E2: R4 | F2: 0.89290067 | G2: 29.24 | H2: 1516.9584 | I2: 39.870056 | J2: 39.57201 | K2: 1.2133072 | L2: 0.0018774243 | M2: 3.0431539 | N2: 37.728027 | O2: 44.525623 | P2: 6.797596
A3: Rainfed | B3: 45513 | C3: 2 | D3: P48A14E | E3: R4 | F3: 0.67524367 | G3: 30.19 | H3: 1449.6718 | I3: 39.346141 | J3: 39.26832 | K3: 0.69014458 | L3: 0.0010679029 | M3: 1.7540337 | N3: 36.869278 | O3: 41.710899 | P3: 4.8416214
A4: Rainfed | B4: 45513 | C4: 3 | D4: P52A14SE | E4: R3 | F4: 0.63957967 | G4: 31.446667 | H4: 1321.116 | I4: 38.646962 | J4: 38.500526 | K4: 1.047553 | L4: 0.0016209428 | M4: 2.7105701 | N4: 35.162773 | O4: 43.505196 | P4: 8.3424225
A5: Rainfed | B5: 45513 | C5: 4 | D5: R19C-1012 | E5: R3 | F5: 0.55055533 | G5: 32.213333 | H5: 1450.2188 | I5: 39.653648 | J5: 39.429873 | K5: 1.3901129 | L5: 0.0021510066 | M5: 3.5056368 | N5: 36.448673 | O5: 43.627636 | P5: 7.1789627
A6: Rainfed | B6: 45513 | C6: 5 | D6: R18-14502 | E6: R3 | H6: 271.33479 | I6: 38.996262 | J6: 38.919727 | K6: 1.1196279 | L6: 0.0017324687 | M6: 2.871116 | N6: 34.788944 | O6: 42.557343 | P6: 7.7683983
A7: Rainfed | B7: 45513 | C7: 6 | D7: R18C-13665 | E7: R2 | H7: 2586.9803 | I7: 38.929242 | J7: 38.906904 | K7: 1.0734034 | L7: 0.0016609426 | M7: 2.7573189 | N7: 33.199474 | O7: 42.157715 | P7: 8.9582405
A8: Rainfed | B8: 45513 | C8: 7 | D8: R19-46252 | E8: R2 | H8: 1771.8818 | I8: 38.92701 | J8: 38.936934 | K8: 0.92182667 | L8: 0.0014263987 | M8: 2.3680901 | N8: 35.063202 | O8: 41.064686 | P8: 6.0014839
A9: Rainfed | B9: 45513 | C9: 8 | D9: R19-45980 | E9: R3 | H9: 1237.965 | I9: 37.891695 | J9: 37.767578 | K9: 1.181654 | L9: 0.0018284455 | M9: 3.118504 | N9: 33.694374 | O9: 42.486465 | P9: 8.7920914
A10: Rainfed | B10: 45513 | C10: 9 | D10: PI398245 | E10: R2 | F10: 0.75610333 | G10: 31.526667 | H10: 952.95405 | I10: 40.770579 | J10: 41.004248 | K10: 0.99354906 | L10: 0.0015373792 | M10: 2.4369266 | N10: 38.299786 | O10: 42.867931 | P10: 4.5681458
A11: Rainfed | B11: 45513 | C11: 10 | D11: PI377574 | E11: R2 | F11: 0.040697333 | G11: 34.063333 | H11: 856.12691 | I11: 39.929108 | J11: 40.036211 | K11: 1.1485818 | L11: 0.0017772708 | M11: 2.8765525 | N11: 37.035118 | O11: 42.95332 | P11: 5.9182014
A12: Rainfed | B12: 45513 | C12: 11 | D12: PI424397 | E12: R4 | F12: 0.035785 | G12: 33.016667 | H12: 910.83151 | I12: 39.765984 | J12: 39.471935 | K12: 1.1245076 | L12: 0.0017400194 | M12: 2.8278129 | N12: 38.181622 | O12: 45.968437 | P12: 7.7868156
A13: Rainfed | B13: 45513 | C13: 12 | D13: PI567488B | E13: R3 | F13: 0.052778667 | G13: 31.97 | H13: 1498.9059 | I13: 38.320972 | J13: 38.287861 | K13: 0.79594308 | L13: 0.0012316114 | M13: 2.077043 | N13: 36.308125 | O13: 42.087635 | P13: 5.7795105
A14: Rainfed | B14: 45513 | C14: 13 | D14: PI377574 | E14: R3 | F14: 0.048692333 | G14: 32.556667 | H14: 586.43326 | I14: 39.013923 | J14: 39.095665 | K14: 0.92015846 | L14: 0.0014238174 | M14: 2.3585387 | N14: 36.136894 | O14: 41.702637 | P14: 5.5657425
A15: Rainfed | B15: 45513 | C15: 14 | D15: R19-45980 | E15: R2 | H15: 1647.1554 | I15: 37.678905 | J15: 37.564178 | K15: 0.87752747 | L15: 0.0013578519 | M15: 2.3289622 | N15: 35.255547 | O15: 42.784531 | P15: 7.5289841
A16: Rainfed | B16: 45513 | C16: 15 | D16: PI398245 | E16: R2 | F16: 0.048151 | G16: 32.77 | H16: 1360.5033 | I16: 38.340821 | J16: 38.065136 | K16: 1.0034679 | L16: 0.0015527271 | M16: 2.617231 | N16: 36.349648 | O16: 42.437618 | P16: 6.0879707
A17: Rainfed | B17: 45513 | C17: 16 | D17: P48A14E | E17: R5 | F17: 0.025598 | G17: 32.916667 | H17: 1636.2144 | I17: 38.07292 | J17: 38.12912 | K17: 0.89783959 | L17: 0.0013892821 | M17: 2.3582105 | N17: 34.319336 | O17: 41.831406 | P17: 7.5120697
A18: Rainfed | B18: 45513 | C18: 17 | D18: R19-46252 | E18: R2 | H18: 1438.1838 | I18: 38.097439 | J18: 38.166378 | K18: 1.0318185 | L18: 0.0015965958 | M18: 2.7083671 | N18: 33.5359 | O18: 40.989002 | P18: 7.4531021
A19: Rainfed | B19: 45513 | C19: 18 | D19: R19C-1012 | E19: R3 | F19: 0.040080333 | G19: 34.116667 | H19: 1684.9015 | I19: 37.513201 | J19: 37.593338 | K19: 0.91990293 | L19: 0.001423422 | M19: 2.4522112 | N19: 32.783222 | O19: 39.960274 | P19: 7.1770515
A20: Rainfed | B20: 45513 | C20: 19 | D20: R18-14502 | E20: R4 | H20: 1712.2538 | I20: 38.007535 | J20: 37.807451 | K20: 0.99032426 | L20: 0.0015323892 | M20: 2.6055998 | N20: 35.157089 | O20: 41.316601 | P20: 6.1595116
A21: Rainfed | B21: 45513 | C21: 20 | D21: PI424397 | E21: R5 | F21: 0.048795333 | G21: 33.546667 | H21: 894.96718 | I21: 39.615195 | J21: 39.432247 | K21: 1.5569226 | L21: 0.0024091216 | M21: 3.9301148 | N21: 34.819454 | O21: 43.629707 | P21: 8.8102531
A22: Rainfed | B22: 45513 | C22: 21 | D22: P42A84E | E22: R4 | F22: 0.031484333 | G22: 31.793333 | H22: 1430.5252 | I22: 38.759491 | J22: 38.743633 | K22: 1.2762721 | L22: 0.0019748538 | M22: 3.292799 | N22: 34.907227 | O22: 42.638184 | P22: 7.730957
A23: Rainfed | B23: 45513 | C23: 22 | D23: PI567488B | E23: R3 | F23: 0.046344667 | G23: 32.11 | H23: 1812.3632 | I23: 37.584205 | J23: 37.554123 | K23: 1.1437789 | L23: 0.001769839 | M23: 3.0432436 | N23: 34.578964 | O23: 41.348732 | P23: 6.7697678
A24: Rainfed | B24: 45513 | C24: 23 | D24: R18C-13665 | E24: R2 | H24: 1802.5164 | I24: 38.194434 | J24: 38.096329 | K24: 1.0851799 | L24: 0.0016791651 | M24: 2.841199 | N24: 35.630604 | O24: 42.211601 | P24: 6.5809975
A25: Rainfed | B25: 45513 | C25: 24 | D25: P52A14SE | E25: R3 | F25: 0.052981333 | G25: 31.726667 | H25: 1613.7856 | I25: 39.687305 | J25: 39.807423 | K25: 1.0618121 | L25: 0.0016430067 | M25: 2.6754452 | N25: 36.884884 | O25: 42.680389 | P25: 5.7955055
A26: Rainfed | B26: 45513 | C26: 25 | D26: P48A14E | E26: R5 | F26: 0.061534667 | G26: 33.163333 | H26: 1796.4989 | I26: 38.55528 | J26: 38.543341 | K26: 0.96087005 | L26: 0.0014868129 | M26: 2.492188 | N26: 35.864628 | O26: 41.979374 | P26: 6.1147461
A27: Rainfed | B27: 45513 | C27: 26 | D27: P42A84E | E27: R5 | F27: 0.063075 | G27: 33.663333 | H27: 1636.7615 | I27: 39.371932 | J27: 39.215233 | K27: 1.0892291 | L27: 0.0016854307 | M27: 2.7665116 | N27: 36.507248 | O27: 42.527695 | P27: 6.0204468
A28: Rainfed | B28: 45513 | C28: 27 | D28: R19-45980 | E28: R2 | H28: 1442.5602 | I28: 37.281907 | J28: 37.213028 | K28: 0.78630952 | L28: 0.0012167048 | M28: 2.1090915 | N28: 34.423321 | O28: 39.803829 | P28: 5.3805084
A29: Rainfed | B29: 45513 | C29: 28 | D29: PI398245 | E29: R3 | F29: 0.062447 | G29: 33.876667 | H29: 1736.8709 | I29: 37.722667 | J29: 37.722519 | K29: 0.77984447 | L29: 0.001206701 | M29: 2.06731 | N29: 34.237892 | O29: 39.923885 | P29: 5.6859932
A30: Rainfed | B30: 45513 | C30: 29 | D30: PI567488B | E30: R4 | F30: 0.050953 | G30: 34.646667 | H30: 1681.0722 | I30: 35.770132 | J30: 35.845615 | K30: 0.93771183 | L30: 0.0014509788 | M30: 2.6214939 | N30: 31.394922 | O30: 38.150822 | P30: 6.7558994
A31: Rainfed | B31: 45513 | C31: 30 | D31: PI424397 | E31: R5 | F31: 0.061006333 | G31: 35.05 | H31: 1155.9081 | I31: 38.669901 | J31: 38.713154 | K31: 1.0119188 | L31: 0.0015658038 | M31: 2.6168125 | N31: 33.653984 | O31: 41.625118 | P31: 7.9711342
A32: Rainfed | B32: 45513 | C32: 31 | D32: PI377574 | E32: R3 | F32: 0.090889667 | G32: 33.766667 | H32: 691.46608 | I32: 37.122406 | J32: 37.144989 | K32: 1.6044885 | L32: 0.0024827231 | M32: 4.3221566 | N32: 31.911777 | O32: 40.548283 | P32: 8.6365051
A33: Rainfed | B33: 45513 | C33: 32 | D33: P52A14SE | E33: R2 | F33: 0.085518 | G33: 33.513333 | H33: 1548.14 | I33: 37.24663 | J33: 37.027491 | K33: 1.3392708 | L33: 0.0020723355 | M33: 3.5956832 | N33: 33.550255 | O33: 42.120567 | P33: 8.5703125
A34: Rainfed | B34: 45513 | C34: 33 | D34: R19C-1012 | E34: R3 | F34: 0.07144 | G34: 34.06 | H34: 2449.1247 | I34: 36.623936 | J34: 36.413176 | K34: 1.2896202 | L34: 0.0019955081 | M34: 3.5212496 | N34: 33.930801 | O34: 41.557716 | P34: 7.626915
A35: Rainfed | B35: 45513 | C35: 34 | D35: R18C-13665 | E35: R3 | H35: 1916.849 | I35: 38.073995 | J35: 37.786289 | K35: 1.4412497 | L35: 0.0022301337 | M35: 3.7853913 | N35: 34.933029 | O35: 42.855194 | P35: 7.9221649
A36: Rainfed | B36: 45513 | C36: 35 | D36: R18-14502 | E36: R4 | H36: 2071.116 | I36: 37.356876 | J36: 37.321486 | K36: 1.0788198 | L36: 0.0016693238 | M36: 2.8878748 | N36: 34.730213 | O36: 42.785099 | P36: 8.0548859
A37: Rainfed | B37: 45513 | C37: 36 | D37: R19-46252 | E37: R2 | H37: 1861.0503 | I37: 38.107754 | J37: 37.913349 | K37: 1.26984 | L37: 0.0019649011 | M37: 3.3322354 | N37: 35.706932 | O37: 45.07246 | P37: 9.3655281
A38: Irrigated | B38: 45513 | C38: 37 | D38: P42A84E | E38: R4 | F38: 0.173181 | G38: 32.083333 | H38: 3729.7593 | I38: 31.547478 | J38: 31.60082 | K38: 0.76247059 | L38: 0.0011798173 | M38: 2.4168987 | N38: 29.147032 | O38: 33.570156 | P38: 4.4231243
A39: Irrigated | B39: 45513 | C39: 38 | D39: P48A14E | E39: R3 | F39: 0.17416867 | G39: 31.623333 | H39: 5551.9694 | I39: 30.949634 | J39: 30.934629 | K39: 0.6453 | L39: 0.00099851213 | M39: 2.0850004 | N39: 29.387266 | O39: 33.122871 | P39: 3.7356052
A40: Irrigated | B40: 45513 | C40: 39 | D40: P52A14SE | E40: R3 | F40: 0.582617 | G40: 30.253333 | H40: 3612.1444 | I40: 31.821078 | J40: 31.879238 | K40: 0.5293228 | L40: 0.00081905351 | M40: 1.6634345 | N40: 30.166817 | O40: 33.251991 | P40: 3.0851746
A41: Irrigated | B41: 45513 | C41: 40 | D41: R19C-1012 | E41: R3 | F41: 0.526471 | G41: 29.316667 | H41: 3928.337 | I41: 30.742937 | J41: 30.873956 | K41: 0.83231407 | L41: 0.0012878904 | M41: 2.7073343 | N41: 27.161583 | O41: 32.352657 | P41: 5.1910744
A42: Irrigated | B42: 45513 | C42: 41 | D42: R18-14502 | E42: R3 | H42: 2659.7374 | I42: 30.860117 | J42: 30.918222 | K42: 0.8145275 | L42: 0.0012603682 | M42: 2.6394181 | N42: 27.776348 | O42: 32.788067 | P42: 5.0117188
A43: Irrigated | B43: 45513 | C43: 42 | D43: R18C-13665 | E43: R3 | H43: 4312.3632 | I43: 30.483395 | J43: 30.631094 | K43: 1.0582849 | L43: 0.0016375489 | M43: 3.4716766 | N43: 27.315977 | O43: 32.892811 | P43: 5.5768337
A44: Irrigated | B44: 45513 | C44: 43 | D44: R19-46252 | E44: R2 | H44: 2979.2123 | I44: 31.130671 | J44: 31.298203 | K44: 1.1158524 | L44: 0.0017266265 | M44: 3.5844147 | N44: 27.165606 | O44: 34.556408 | P44: 7.3908024
A45: Irrigated | B45: 45513 | C45: 44 | D45: R19-45980 | E45: R2 | H45: 4120.3501 | I45: 31.504093 | J45: 31.481065 | K45: 0.93474147 | L45: 0.0014463826 | M45: 2.9670478 | N45: 27.554688 | O45: 34.530529 | P45: 6.9758415
A46: Irrigated | B46: 45513 | C46: 45 | D46: PI398245 | E46: R3 | F46: 0.12428167 | G46: 30.916667 | H46: 3164.1138 | I46: 32.170887 | J46: 32.122734 | K46: 0.81600401 | L46: 0.0012626529 | M46: 2.5364672 | N46: 28.123985 | O46: 34.504356 | P46: 6.3803711
A47: Irrigated | B47: 45513 | C47: 46 | D47: PI377574 | E47: R3 | F47: 0.242888 | G47: 30.656667 | H47: 922.86652 | I47: 31.267355 | J47: 31.182656 | K47: 0.68100982 | L47: 0.0010537681 | M47: 2.1780218 | N47: 29.566679 | O47: 34.032188 | P47: 4.4655094
A48: Irrigated | B48: 45513 | C48: 47 | D48: PI424397 | E48: R4 | F48: 0.12807267 | G48: 32.11 | H48: 2830.9628 | I48: 33.34491 | J48: 33.240088 | K48: 0.85454807 | L48: 0.0013222945 | M48: 2.5627541 | N48: 31.357851 | O48: 36.431973 | P48: 5.0741215
A49: Irrigated | B49: 45513 | C49: 48 | D49: PI567488B | E49: R3 | F49: 0.073979333 | G49: 32.833333 | H49: 3277.8993 | I49: 31.646219 | J49: 31.56953 | K49: 0.66152849 | L49: 0.0010236235 | M49: 2.0903871 | N49: 30.084257 | O49: 34.036484 | P49: 3.9522266
A50: Irrigated | B50: 45513 | C50: 49 | D50: PI377574 | E50: R4 | F50: 0.52567767 | G50: 31.546667 | H50: 1377.4617 | I50: 31.030385 | J50: 31.072422 | K50: 0.77756735 | L50: 0.0012031775 | M50: 2.5058257 | N50: 29.071445 | O50: 32.953007 | P50: 3.8815613
A51: Irrigated | B51: 45513 | C51: 50 | D51: R19-45980 | E51: R2 | H51: 5253.2823 | I51: 31.111209 | J51: 31.13835 | K51: 0.59766585 | L51: 0.00092480489 | M51: 1.9210628 | N51: 29.573496 | O51: 32.715118 | P51: 3.1416225
A52: Irrigated | B52: 45513 | C52: 51 | D52: PI398245 | E52: R3 | F52: 0.22336967 | G52: 31.82 | H52: 3196.9365 | I52: 31.824065 | J52: 31.882891 | K52: 0.65988439 | L52: 0.0010210794 | M52: 2.073539 | N52: 29.627285 | O52: 33.473671 | P52: 3.846386
A53: Irrigated | B53: 45513 | C53: 52 | D53: PI398245 | E53: R3 | F53: 0.18053733 | G53: 32.99 | H53: 4379.1028 | I53: 30.158064 | J53: 30.327051 | K53: 0.85109637 | L53: 0.0013169534 | M53: 2.8221187 | N53: 26.940605 | O53: 32.29285 | P53: 5.3522453
A54: Irrigated | B54: 45513 | C54: 53 | D54: R19-46252 | E54: R2 | H54: 4084.2451 | I54: 30.02069 | J54: 30.109726 | K54: 0.86350122 | L54: 0.0013361482 | M54: 2.8763537 | N54: 27.415586 | O54: 32.374844 | P54: 4.9592571
A55: Irrigated | B55: 45513 | C55: 54 | D55: R19C-1012 | E55: R2 | F55: 0.193602 | G55: 31.613333 | H55: 4579.8687 | I55: 29.960573 | J55: 30.092295 | K55: 0.93986497 | L55: 0.0014543105 | M55: 3.137006 | N55: 26.610352 | O55: 31.860996 | P55: 5.2506447
A56: Irrigated | B56: 45513 | C56: 55 | D56: R18-14502 | E56: R3 | H56: 3208.4245 | I56: 30.376721 | J56: 30.553789 | K56: 0.81776388 | L56: 0.001265376 | M56: 2.6920742 | N56: 26.847383 | O56: 31.931484 | P56: 5.0841007
A57: Irrigated | B57: 45513 | C57: 56 | D57: PI424397 | E57: R5 | F57: 0.105501 | G57: 32.336667 | H57: 3094.6389 | I57: 32.246343 | J57: 32.253574 | K57: 0.78855783 | L57: 0.0012201837 | M57: 2.4454179 | N57: 27.766796 | O57: 34.316895 | P57: 6.5500984
A58: Irrigated | B58: 45513 | C58: 57 | D58: P42A84E | E58: R5 | F58: 0.74029533 | G58: 30.746667 | H58: 4454.0481 | I58: 30.404515 | J58: 30.394404 | K58: 0.61906378 | L58: 0.00095791521 | M58: 2.0360916 | N58: 27.781504 | O58: 32.14045 | P58: 4.3589458
A59: Irrigated | B59: 45513 | C59: 58 | D59: PI567488B | E59: R4 | F59: 0.28394733 | G59: 30.516667 | H59: 2572.7571 | I59: 30.864848 | J59: 30.843847 | K59: 0.54406018 | L59: 0.00084185756 | M59: 1.7627178 | N59: 29.242481 | O59: 32.671581 | P59: 3.4291
A60: Irrigated | B60: 45513 | C60: 59 | D60: R18C-13665 | E60: R3 | H60: 3689.2779 | I60: 31.545039 | J60: 31.371172 | K60: 0.64760597 | L60: 0.0010020803 | M60: 2.0529566 | N60: 30.196836 | O60: 33.422951 | P60: 3.2261143
A61: Irrigated | B61: 45513 | C61: 60 | D61: PI567488B | E61: R4 | F61: 0.088678333 | G61: 31.13 | H61: 3242.3414 | I61: 31.28231 | J61: 31.10836 | K61: 0.65191122 | L61: 0.0010087421 | M61: 2.0839613 | N61: 29.709257 | O61: 33.205448 | P61: 3.496191
A62: Irrigated | B62: 45513 | C62: 61 | D62: P48A14E | E62: R4 | F62: 0.51009867 | G62: 28.876667 | H62: 4652.6258 | I62: 31.01314 | J62: 31.007343 | K62: 0.74036476 | L62: 0.0011456116 | M62: 2.3872615 | N62: 29.083164 | O62: 32.995861 | P62: 3.9126968
A63: Irrigated | B63: 45513 | C63: 62 | D63: P42A84E | E63: R4 | F63: 0.481659 | G63: 28.62 | H63: 4184.9015 | I63: 30.781848 | J63: 30.914257 | K63: 0.67249879 | L63: 0.0010405985 | M63: 2.1847252 | N63: 28.834297 | O63: 32.725685 | P63: 3.8913879
A64: Irrigated | B64: 45513 | C64: 63 | D64: R19-45980 | E64: R2 | H64: 4450.2188 | I64: 31.365089 | J64: 31.398594 | K64: 0.63747339 | L64: 0.00098640153 | M64: 2.0324297 | N64: 29.193066 | O64: 32.980057 | P64: 3.7869911
A65: Irrigated | B65: 45513 | C65: 64 | D65: PI398245 | E65: R4 | F65: 0.059706 | G65: 30.973333 | H65: 2958.4245 | I65: 31.453575 | J65: 31.696602 | K65: 0.98430056 | L65: 0.0015230684 | M65: 3.1293758 | N65: 27.848183 | O65: 33.548771 | P65: 5.7005882
A66: Irrigated | B66: 45513 | C66: 65 | D66: PI567488B | E66: R5 | F66: 0.27680633 | G66: 29.66 | H66: 4041.5755 | I66: 30.244688 | J66: 30.389101 | K66: 1.0999115 | L66: 0.0017019602 | M66: 3.6367096 | N66: 26.871855 | O66: 34.120743 | P66: 7.248888
A67: Irrigated | B67: 45513 | C67: 66 | D67: PI424397 | E67: R2 | F67: 0.23996033 | G67: 30.043333 | H67: 2670.6783 | I67: 31.980178 | J67: 32.206249 | K67: 1.1743065 | L67: 0.0018170762 | M67: 3.6719823 | N67: 27.520996 | O67: 34.543419 | P67: 7.0224228
A68: Irrigated | B68: 45513 | C68: 67 | D68: PI377574 | E68: R3 | F68: 0.12636333 | G68: 29.3 | H68: 2442.5602 | I68: 30.509121 | J68: 30.654961 | K68: 0.74938095 | L68: 0.0011595629 | M68: 2.4562521 | N68: 27.108849 | O68: 32.048183 | P68: 4.9393349
A69: Irrigated | B69: 45513 | C69: 68 | D69: P52A14SE | E69: R3 | F69: 0.15356267 | G69: 30.07 | H69: 4363.2385 | I69: 31.481763 | J69: 31.56004 | K69: 0.88471705 | L69: 0.0013689768 | M69: 2.8102526 | N69: 27.728106 | O69: 33.569492 | P69: 5.8413868
A70: Irrigated | B70: 45513 | C70: 69 | D70: R19C-1012 | E70: R3 | F70: 0.033495667 | G70: 30.566667 | H70: 3097.3742 | I70: 31.9518 | J70: 32.027491 | K70: 0.95944633 | L70: 0.0014846099 | M70: 3.0027927 | N70: 28.342226 | O70: 33.956486 | P70: 5.6142597
A71: Irrigated | B71: 45513 | C71: 70 | D71: R18C-13665 | E71: R2 | H71: 3602.2976 | I71: 33.105584 | J71: 33.188047 | K71: 0.89938495 | L71: 0.0013916733 | M71: 2.7167168 | N71: 31.055742 | O71: 35.262207 | P71: 4.2064648
A72: Irrigated | B72: 45513 | C72: 71 | D72: R18-14502 | E72: R3 | H72: 4084.7921 | I72: 33.157231 | J72: 33.269794 | K72: 0.91171527 | L72: 0.0014107527 | M72: 2.7496725 | N72: 31.32287 | O72: 35.426056 | P72: 4.1031857
A73: Irrigated | B73: 45513 | C73: 72 | D73: R19-46252 | E73: R2 | H73: 3345.186 | I73: 33.297883 | J73: 33.27121 | K73: 1.1916785 | L73: 0.0018439569 | M73: 3.5788416 | N73: 30.723047 | O73: 41.144825 | P73: 10.421778
A74: Rainfed | B74: 45534 | C74: 1 | D74: P42A84E | E74: R6 | F74: 0.23831533 | G74: 25.756667 | H74: 1516.9584 | I74: 33.461323 | J74: 33.440311 | K74: 0.519243 | L74: 0.00086512028 | M74: 1.5517707 | N74: 32.337265 | O74: 34.719532 | P74: 2.382267
A75: Rainfed | B75: 45534 | C75: 2 | D75: P48A14E | E75: R5.8 | F75: 0.27213733 | G75: 26.13 | H75: 1449.6718 | I75: 33.291184 | J75: 33.162159 | K75: 0.61818741 | L75: 0.0010299734 | M75: 1.8569103 | N75: 32.117031 | O75: 35.172951 | P75: 3.0559196
A76: Rainfed | B76: 45534 | C76: 3 | D76: P52A14SE | E76: R5 | H76: 1321.116 | I76: 33.705896 | J76: 33.628418 | K76: 0.62745451 | L76: 0.0010454135 | M76: 1.8615571 | N76: 32.462208 | O76: 35.200176 | P76: 2.7379684
A77: Rainfed | B77: 45534 | C77: 4 | D77: R19C-1012 | E77: R5.8 | H77: 1450.2188 | I77: 32.71183 | J77: 32.686436 | K77: 0.48650233 | L77: 0.00081057045 | M77: 1.4872367 | N77: 31.696875 | O77: 34.054668 | P77: 2.3577938
A78: Rainfed | B78: 45534 | C78: 5 | D78: R18-14502 | E78: R5.8 | H78: 271.33479 | I78: 33.215023 | J78: 33.185381 | K78: 0.42949018 | L78: 0.00071558146 | M78: 1.29306 | N78: 32.379471 | O78: 34.543339 | P78: 2.163868
A79: Rainfed | B79: 45534 | C79: 6 | D79: R18C-13665 | E79: R5 | H79: 2586.9803 | I79: 32.001855 | J79: 31.98956 | K79: 0.24797373 | L79: 0.00041315358 | M79: 0.774873 | N79: 31.373926 | O79: 33.171268 | P79: 1.7973423
A80: Rainfed | B80: 45534 | C80: 7 | D80: R19-46252 | E80: R5 | H80: 1771.8818 | I80: 32.478737 | J80: 32.374611 | K80: 0.42520592 | L80: 0.00070844338 | M80: 1.3091824 | N80: 31.634609 | O80: 33.99078 | P80: 2.3561707
A81: Rainfed | B81: 45534 | C81: 8 | D81: R19-45980 | E81: R5.8 | H81: 1237.965 | I81: 32.397896 | J81: 32.396816 | K81: 0.28641941 | L81: 0.00047720863 | M81: 0.88406794 | N81: 31.438047 | O81: 33.548321 | P81: 2.1102734
A82: Rainfed | B82: 45534 | C82: 9 | D82: PI398245 | E82: R5.8 | F82: 0.595358 | G82: 26.79 | H82: 952.95405 | I82: 32.059041 | J82: 32.019218 | K82: 0.43869186 | L82: 0.00073091255 | M82: 1.3683874 | N82: 31.073242 | O82: 34.228809 | P82: 3.1555672
A83: Rainfed | B83: 45534 | C83: 10 | D83: PI377574 | E83: R6 | F83: 0.433157 | G83: 27.38 | H83: 856.12691 | I83: 32.105687 | J83: 32.090166 | K83: 0.23663937 | L83: 0.00039426919 | M83: 0.73706371 | N83: 31.500586 | O83: 32.710117 | P83: 1.2095318
A84: Rainfed | B84: 45534 | C84: 11 | D84: PI424397 | E84: R5 | F84: 0.65567333 | G84: 27.52 | H84: 910.83151 | I84: 32.383283 | J84: 32.324764 | K84: 0.37862779 | L84: 0.0006308387 | M84: 1.1692075 | N84: 31.520391 | O84: 35.114044 | P84: 3.5936527
A85: Rainfed | B85: 45534 | C85: 12 | D85: PI567488B | E85: R6 | F85: 0.73217367 | G85: 27.366667 | H85: 1498.9059 | I85: 33.135862 | J85: 33.098007 | K85: 0.46794084 | L85: 0.00077964481 | M85: 1.4121885 | N85: 31.996504 | O85: 34.75172 | P85: 2.7552166
A86: Rainfed | B86: 45534 | C86: 13 | D86: PI377574 | E86: R5 | F86: 0.12997933 | G86: 29.24 | H86: 586.43326 | I86: 33.70019 | J86: 33.591377 | K86: 0.65160138 | L86: 0.001085645 | M86: 1.9335243 | N86: 32.46793 | O86: 35.266857 | P86: 2.7989273
A87: Rainfed | B87: 45534 | C87: 14 | D87: R19-45980 | E87: R5.8 | H87: 1647.1554 | I87: 32.690459 | J87: 32.602608 | K87: 0.73354897 | L87: 0.0012221794 | M87: 2.2439237 | N87: 31.432461 | O87: 35.008007 | P87: 3.5755463
A88: Rainfed | B88: 45534 | C88: 15 | D88: PI398245 | E88: R5.8 | F88: 0.17206467 | G88: 29.78 | H88: 1360.5033 | I88: 32.641606 | J88: 32.530018 | K88: 0.61871707 | L88: 0.0010308559 | M88: 1.895486 | N88: 31.297949 | O88: 34.788067 | P88: 3.490118
A89: Rainfed | B89: 45534 | C89: 16 | D89: P48A14E | E89: R5.8 | F89: 0.29994867 | G89: 29.576667 | H89: 1636.2144 | I89: 32.469591 | J89: 32.452082 | K89: 0.54478349 | L89: 0.00090767376 | M89: 1.6778268 | N89: 31.441757 | O89: 34.570137 | P89: 3.1283798
A90: Rainfed | B90: 45534 | C90: 17 | D90: R19-46252 | E90: R5 | H90: 1438.1838 | I90: 33.248217 | J90: 33.218163 | K90: 0.51229772 | L90: 0.00085354863 | M90: 1.5408277 | N90: 32.033634 | O90: 34.576427 | P90: 2.5427933
A91: Rainfed | B91: 45534 | C91: 18 | D91: R19C-1012 | E91: R5.8 | H91: 1684.9015 | I91: 32.201023 | J91: 32.144346 | K91: 0.45749273 | L91: 0.00076223703 | M91: 1.4207398 | N91: 30.763788 | O91: 33.599045 | P91: 2.8352566
A92: Rainfed | B92: 45534 | C92: 19 | D92: R18-14502 | E92: R5.8 | H92: 1712.2538 | I92: 32.646042 | J92: 32.573341 | K92: 0.58159236 | L92: 0.00096900168 | M92: 1.7815095 | N92: 31.522423 | O92: 34.344101 | P92: 2.8216782
A93: Rainfed | B93: 45534 | C93: 20 | D93: PI424397 | E93: R5 | F93: 0.32335767 | G93: 29.626667 | H93: 894.96718 | I93: 31.928984 | J93: 31.845293 | K93: 0.39997706 | L93: 0.00066640911 | M93: 1.2527084 | N93: 30.980782 | O93: 33.243458 | P93: 2.2626762
A94: Rainfed | B94: 45534 | C94: 21 | D94: P42A84E | E94: R5.8 | F94: 0.39602533 | G94: 29.236667 | H94: 1430.5252 | I94: 32.262475 | J94: 32.183907 | K94: 0.37571936 | L94: 0.0006259929 | M94: 1.1645708 | N94: 31.311817 | O94: 33.896561 | P94: 2.5847435
A95: Rainfed | B95: 45534 | C95: 22 | D95: PI567488B | E95: R5.8 | F95: 0.22531867 | G95: 30.66 | H95: 1812.3632 | I95: 32.595482 | J95: 32.557392 | K95: 0.42157272 | L95: 0.00070239004 | M95: 1.2933471 | N95: 31.376211 | O95: 33.920292 | P95: 2.5440807
A96: Rainfed | B96: 45534 | C96: 23 | D96: R18C-13665 | E96: R5 | H96: 1802.5164 | I96: 32.528232 | J96: 32.528448 | K96: 0.34962827 | L96: 0.00058252208 | M96: 1.0748456 | N96: 31.708437 | O96: 34.057655 | P96: 2.3492184
A97: Rainfed | B97: 45534 | C97: 24 | D97: P52A14SE | E97: R5 | H97: 1613.7856 | I97: 33.05047 | J97: 33.050148 | K97: 0.44007053 | L97: 0.00073320957 | M97: 1.3315107 | N97: 31.962109 | O97: 34.952969 | P97: 2.99086
A98: Rainfed | B98: 45534 | C98: 25 | D98: P48A14E | E98: R5 | F98: 1.0383047 | G98: 30.956667 | H98: 1796.4989 | I98: 33.362519 | J98: 33.344679 | K98: 0.48403731 | L98: 0.00080646343 | M98: 1.4508416 | N98: 32.233788 | O98: 34.962345 | P98: 2.7285576
A99: Rainfed | B99: 45534 | C99: 26 | D99: P42A84E | E99: R5.8 | F99: 0.95992533 | G99: 30.646667 | H99: 1636.7615 | I99: 32.521441 | J99: 32.454239 | K99: 0.48428668 | L99: 0.00080687891 | M99: 1.4891305 | N99: 31.46291 | O99: 34.935841 | P99: 3.4729309
A100: Rainfed | B100: 45534 | C100: 27 | D100: R19-45980 | E100: R5.8 | H100: 1442.5602 | I100: 31.956478 | J100: 31.946095 | K100: 0.39511324 | L100: 0.0006583054 | M100: 1.2364104 | N100: 31.004805 | O100: 33.305077 | P100: 2.300272
...

Sheet Sheet2
A3: Row Labels | B3: Average of temp.mean
A4: 45513 | B4: 34.930231
A5: Irrigated | B5: 31.278238
A6: Rainfed | B6: 38.582225
A7: 45534 | B7: 31.776981
A8: Irrigated | B8: 31.046974
A9: Rainfed | B9: 32.506988
A10: (blank)
A11: (blank)
A12: Grand Total | B12: 33.578838

Sheet mm
A1: Irrig | B1: date | C1: ID | D1: genotype | E1: phenology | F1: conductance | G1: leaftemp | H1: yield | I1: temp.mean | J1: temp.median | K1: temp.sd | L1: temp.se | M1: temp.cv | N1: temp.min | O1: temp.max | P1: temp.range | Q1: diftemp | R1: yield(bu/ac) | T1: irrigated | U1: =AVERAGE(I44:I85) -> 31.179125 | V1: rainfed | W1: =AVERAGE(I2:I43) -> 35.978552 | Y1: =W1-U1 -> 4.7994269
A2: Rainfed | B2: 45513 | C2: 4 | D2: R19C-1012 | E2: R3 | F2: 0.55055533 | G2: 32.213333 | H2: 1450.2188 | I2: 39.653648 | J2: 39.429873 | K2: 1.3901129 | L2: 0.0021510066 | M2: 3.5056368 | N2: 36.448673 | O2: 43.627636 | P2: 7.1789627 | Q2: =+G2-I2 -> -7.4403145 | R2: =H2/67.19 -> 21.583849
A3: Rainfed | B3: 45513 | C3: 18 | D3: R19C-1012 | E3: R3 | F3: 0.040080333 | G3: 34.116667 | H3: 1684.9015 | I3: 37.513201 | J3: 37.593338 | K3: 0.91990293 | L3: 0.001423422 | M3: 2.4522112 | N3: 32.783222 | O3: 39.960274 | P3: 7.1770515 | Q3: =+G3-I3 -> -3.3965347 | R3: =H3/67.19 -> 25.076671
A4: Rainfed | B4: 45513 | C4: 33 | D4: R19C-1012 | E4: R3 | F4: 0.07144 | G4: 34.06 | H4: 2449.1247 | I4: 36.623936 | J4: 36.413176 | K4: 1.2896202 | L4: 0.0019955081 | M4: 3.5212496 | N4: 33.930801 | O4: 41.557716 | P4: 7.626915 | Q4: =+G4-I4 -> -2.5639355 | R4: =H4/67.19 -> 36.450733
A5: Rainfed | B5: 45513 | C5: 12 | D5: PI567488B | E5: R3 | F5: 0.052778667 | G5: 31.97 | H5: 1498.9059 | I5: 38.320972 | J5: 38.287861 | K5: 0.79594308 | L5: 0.0012316114 | M5: 2.077043 | N5: 36.308125 | O5: 42.087635 | P5: 5.7795105 | Q5: =+G5-I5 -> -6.3509725 | R5: =H5/67.19 -> 22.308467
A6: Rainfed | B6: 45534 | C6: 12 | D6: PI567488B | E6: R6 | F6: 0.73217367 | G6: 27.366667 | H6: 1498.9059 | I6: 33.135862 | J6: 33.098007 | K6: 0.46794084 | L6: 0.00077964481 | M6: 1.4121885 | N6: 31.996504 | O6: 34.75172 | P6: 2.7552166 | Q6: =+G6-I6 -> -5.7691954 | R6: =H6/67.19 -> 22.308467
A7: Rainfed | B7: 45513 | C7: 22 | D7: PI567488B | E7: R3 | F7: 0.046344667 | G7: 32.11 | H7: 1812.3632 | I7: 37.584205 | J7: 37.554123 | K7: 1.1437789 | L7: 0.001769839 | M7: 3.0432436 | N7: 34.578964 | O7: 41.348732 | P7: 6.7697678 | Q7: =+G7-I7 -> -5.4742053 | R7: =H7/67.19 -> 26.973705
A8: Rainfed | B8: 45534 | C8: 22 | D8: PI567488B | E8: R5.8 | F8: 0.22531867 | G8: 30.66 | H8: 1812.3632 | I8: 32.595482 | J8: 32.557392 | K8: 0.42157272 | L8: 0.00070239004 | M8: 1.2933471 | N8: 31.376211 | O8: 33.920292 | P8: 2.5440807 | Q8: =+G8-I8 -> -1.9354824 | R8: =H8/67.19 -> 26.973705
A9: Rainfed | B9: 45513 | C9: 29 | D9: PI567488B | E9: R4 | F9: 0.050953 | G9: 34.646667 | H9: 1681.0722 | I9: 35.770132 | J9: 35.845615 | K9: 0.93771183 | L9: 0.0014509788 | M9: 2.6214939 | N9: 31.394922 | O9: 38.150822 | P9: 6.7558994 | Q9: =+G9-I9 -> -1.1234649 | R9: =H9/67.19 -> 25.019679
A10: Rainfed | B10: 45534 | C10: 29 | D10: PI567488B | E10: R5.8 | F10: 0.32994833 | G10: 31.556667 | H10: 1681.0722 | I10: 32.298268 | J10: 32.275509 | K10: 0.39015674 | L10: 0.0006500473 | M10: 1.2079804 | N10: 31.15666 | O10: 33.479687 | P10: 2.3230267 | Q10: =+G10-I10 -> -0.74160182 | R10: =H10/67.19 -> 25.019679
A11: Rainfed | B11: 45513 | C11: 11 | D11: PI424397 | E11: R4 | F11: 0.035785 | G11: 33.016667 | H11: 910.83151 | I11: 39.765984 | J11: 39.471935 | K11: 1.1245076 | L11: 0.0017400194 | M11: 2.8278129 | N11: 38.181622 | O11: 45.968437 | P11: 7.7868156 | Q11: =+G11-I11 -> -6.7493175 | R11: =H11/67.19 -> 13.556058
A12: Rainfed | B12: 45534 | C12: 11 | D12: PI424397 | E12: R5 | F12: 0.65567333 | G12: 27.52 | H12: 910.83151 | I12: 32.383283 | J12: 32.324764 | K12: 0.37862779 | L12: 0.0006308387 | M12: 1.1692075 | N12: 31.520391 | O12: 35.114044 | P12: 3.5936527 | Q12: =+G12-I12 -> -4.8632834 | R12: =H12/67.19 -> 13.556058
A13: Rainfed | B13: 45513 | C13: 20 | D13: PI424397 | E13: R5 | F13: 0.048795333 | G13: 33.546667 | H13: 894.96718 | I13: 39.615195 | J13: 39.432247 | K13: 1.5569226 | L13: 0.0024091216 | M13: 3.9301148 | N13: 34.819454 | O13: 43.629707 | P13: 8.8102531 | Q13: =+G13-I13 -> -6.0685282 | R13: =H13/67.19 -> 13.319946
... A85: Irrigated | B85: 45534 | C85: 62 | D85: P42A84E | E85: R5.8 | F85: 1.534967 | G85: 34.223333 | H85: 4184.9015 | I85: 31.125224 | J85: 31.065508 | K85: 0.37139634 | L85: 0.00061879025 | M85: 1.1932327 | N85: 30.289082 | O85: 32.122482 | P85: 1.8334007 | Q85: =+G85-I85 -> 3.0981095 | R85: =H85/67.19 -> 62.284589

Sheet Sheet1
I1: difference
A2: irrigated | B2: R19C-1012 | C2: =AVERAGE(mm!I44:I46) -> 30.885103 | E2: R19C-1012 | F2: =AVERAGE(mm!I2:I4) -> 37.930262 | G2: rainfed | I2: =F2-C2 -> 7.0451583
B3: PI567488B | C3: =AVERAGE(mm!I47:I53) -> 30.763985 | E3: PI567488B | F3: =AVERAGE(mm!I5:I10) -> 34.95082 | I3: =F3-C3 -> 4.1868352
B4: PI424397 | C4: =AVERAGE(mm!I54:I59) -> 31.937928 | E4: PI424397 | F4: =AVERAGE(mm!I11:I16) -> 35.786656 | I4: =F4-C4 -> 3.8487278
B5: PI398245 | C5: =AVERAGE(mm!I60:I67) -> 31.51515 | E5: PI398245 | F5: =AVERAGE(mm!I17:I22) -> 35.638571 | I5: =F5-C5 -> 4.1234212
B6: PI377574 | C6: =AVERAGE(mm!I68:I73) -> 30.978934 | E6: PI377574 | F6: =AVERAGE(mm!I23:I28) -> 35.354477 | I6: =F6-C6 -> 4.3755428
B7: P52A14SE | C7: =AVERAGE(mm!I74:I75) -> 31.65142 | E7: P52A14SE | F7: =AVERAGE(mm!I29:I31) -> 38.526966 | I7: =F7-C7 -> 6.8755453
B8: P48A14E | C8: =AVERAGE(mm!I76:I79) -> 30.939408 | E8: P48A14E | F8: =AVERAGE(mm!I32:I37) -> 35.849606 | I8: =F8-C8 -> 4.9101979
B9: P42A84E | C9: =AVERAGE(mm!I80:I85) -> 30.8062 | E9: P42A84E | F9: =AVERAGE(mm!I38:I43) -> 36.04112 | I9: =F9-C9 -> 5.2349198
